{"options":{"check_for_updates":true,"comment":null,"compatopts_for_requires":true,"compat_wrappedjsobject":false,"compat_metadata":false,"compat_foreach":false,"compat_prototypes":false,"noframes":null,"run_at":null,"override":{"use_includes":[],"orig_includes":["/https?:\\/\\/www\\.destiny\\.gg\\/embed\\/chat/"],"merge_includes":true,"use_matches":[],"orig_matches":[],"merge_matches":true,"use_excludes":[],"orig_excludes":[],"merge_excludes":true,"use_connects":[],"merge_connects":true,"use_blockers":[],"orig_run_at":"document-idle","orig_noframes":null,"orig_connects":["vyneer.me"]}},"settings":{"enabled":true,"position":4},"meta":{"name":"d.gg utilities","uuid":"b037a1de-5af5-47e0-bc7e-13f1bd7c39ef","modified":1633487931054,"file_url":"https://github.com/vyneer/dgg-chat-gui-scripts/raw/main/dgg-utilities.user.js"}}