{"options":{"check_for_updates":false,"comment":null,"compatopts_for_requires":true,"compat_wrappedjsobject":false,"compat_metadata":false,"compat_foreach":false,"compat_prototypes":false,"noframes":null,"run_at":null,"override":{"merge_connects":true,"merge_excludes":true,"merge_includes":true,"merge_matches":true,"orig_connects":[],"orig_excludes":[],"orig_includes":[],"orig_matches":["https://www.destiny.gg/bigscreen"],"orig_noframes":null,"orig_run_at":"document-idle","use_blockers":[],"use_connects":[],"use_excludes":[],"use_includes":["destiny.gg/*"],"use_matches":[]}},"settings":{"enabled":true,"position":3},"meta":{"name":"Depressing script","uuid":"39d9e531-26b1-4b39-819a-dec159fa0d88","modified":1633496255642}}