{"options":{"check_for_updates":false,"comment":null,"compat_foreach":false,"compat_metadata":false,"compat_prototypes":false,"compat_wrappedjsobject":false,"compatopts_for_requires":true,"noframes":null,"override":{"merge_connects":true,"merge_excludes":true,"merge_includes":true,"merge_matches":true,"orig_connects":[],"orig_excludes":[],"orig_includes":[],"orig_matches":["https://www.twitch.tv/*"],"orig_noframes":null,"orig_run_at":"document-idle","use_blockers":[],"use_connects":[],"use_excludes":[],"use_includes":["https://www.destiny.gg/*"],"use_matches":[]},"run_at":null},"settings":{"enabled":false,"position":2},"meta":{"name":"Twitch - Bring back PogChamp","uuid":"838d8f13-70f3-458d-8c8b-d1400db8eb7f","modified":1633333476599,"file_url":"https://greasyfork.org/scripts/420095-twitch-bring-back-pogchamp/code/Twitch%20-%20Bring%20back%20PogChamp.user.js"}}